{
    "model_dim": 32,
    "num_heads": 8,
    "num_layers": 2,
    "dropout": 0.0,
    "multiplier": 2,
    "lr": 0.0005745323952193273,
    "weight_decay": 3.1487490405816114e-06,
    "batch_size": 19200,
    "epochs": 100
}